id,category,text
space_01,Space exploration,The spacecraft entered orbit around the planet. The mission collected images from a satellite and sent space observations to Earth.
space_02,Space exploration,Astronauts aboard the space station repaired a satellite. Their mission studied how orbit affects equipment and human movement.
space_03,Space exploration,A rocket launched the spacecraft toward the moon. Mission engineers adjusted the orbit and monitored the space journey.
space_04,Space exploration,The telescope observed a distant planet and its moon. Space researchers used satellite images to study the orbit of the planet.
space_05,Space exploration,Engineers tested a rocket engine for the next space mission. The spacecraft will carry a satellite into orbit around Earth.
space_06,Space exploration,The moon mission landed a spacecraft near a crater. Astronauts collected rock samples while a satellite measured the lunar surface.
space_07,Space exploration,A satellite tracked weather patterns from orbit. The space mission used telescope observations to compare Earth and another planet.
space_08,Space exploration,The spacecraft changed orbit to inspect a planet. A rocket booster supported the mission while astronauts prepared space experiments.
sport_01,Sport and cricket,The cricket team won the match after the captain scored runs. Players praised the coach for planning the final tournament game.
sport_02,Sport and cricket,The coach trained players before the cricket tournament. The team practiced batting to score more runs in the next match.
sport_03,Sport and cricket,A cricket player hit a boundary in the final match. The captain helped the team defend its runs and win the tournament.
sport_04,Sport and cricket,The team selected young players for the cricket match. Their coach focused on batting technique and tournament preparation.
sport_05,Sport and cricket,The captain scored fifty runs in the cricket tournament. The team celebrated as players completed a difficult match.
sport_06,Sport and cricket,Rain delayed the cricket match but the players returned. The coach asked the team to protect wickets and build runs.
sport_07,Sport and cricket,The cricket tournament attracted supporters to the stadium. The captain and coach discussed team strategy before the match.
sport_08,Sport and cricket,Players improved their batting through regular practice. The cricket team scored enough runs to reach the tournament final.
healthcare_01,Healthcare,The hospital doctor examined a patient with fever. Medical treatment and medicine helped improve patient health after the diagnosis.
healthcare_02,Healthcare,A doctor discussed treatment with hospital nurses. The patient received medicine while medical tests checked heart health.
healthcare_03,Healthcare,Medical researchers tested a vaccine to prevent disease. The hospital doctor explained the treatment and monitored patient health.
healthcare_04,Healthcare,The patient visited the hospital for a health check. A doctor used medical tests to choose medicine and plan treatment.
healthcare_05,Healthcare,Hospital nurses tracked patient recovery after surgery. The doctor adjusted treatment and medicine to support better health.
healthcare_06,Healthcare,The doctor recommended exercise for heart health. Medical advice and regular treatment helped the patient avoid another hospital visit.
healthcare_07,Healthcare,A hospital opened a medical clinic for disease prevention. Each patient received health advice and medicine from a doctor.
healthcare_08,Healthcare,Medical staff reviewed patient records in the hospital. The doctor compared treatment options and checked whether medicine improved health.
computing_01,Computing and software,The software developer wrote code for a computer application. The program processed data and stored results on a network server.
computing_02,Computing and software,A computer program analysed data from the network. The developer updated software code to improve server performance.
computing_03,Computing and software,The developer tested application code before release. Software errors affected data processing on the computer server.
computing_04,Computing and software,The network server stored application data securely. A developer revised the software program and checked computer access.
computing_05,Computing and software,Students learned to write code for a computer program. Their software application retrieved data through a network server.
computing_06,Computing and software,The developer fixed a software bug in the application. New code reduced data loss when the computer contacted the server.
computing_07,Computing and software,A network failure interrupted the computer program. The developer restored the server and tested software data recovery.
computing_08,Computing and software,The software application used a database to organise data. The developer reviewed code and improved network server communication.
