topic,rank,word,probability
0,1,data,0.07578702608562922
0,2,server,0.07578702608562922
0,3,software,0.07578702608562922
0,4,computer,0.0663254747640775
0,5,developer,0.0663254747640775
0,6,network,0.0568639234425258
0,7,code,0.0568639234425258
0,8,application,0.0568639234425258
0,9,program,0.047402372120974076
0,10,tested,0.023827272329696503
1,1,cricket,0.07925234402459214
1,2,team,0.07925234402459214
1,3,tournament,0.06935816874062309
1,4,match,0.06935816874062309
1,5,players,0.05946399345665403
1,6,runs,0.05946399345665403
1,7,coach,0.049569818172684965
1,8,captain,0.03967564288871592
1,9,scored,0.029781467604746863
1,10,final,0.029781467604746863
2,1,patient,0.08302923821878652
2,2,doctor,0.07381400645199557
2,3,health,0.07381400645199557
2,4,hospital,0.07381400645199557
2,5,treatment,0.06459877468520461
2,6,medical,0.06412685396788512
2,7,medicine,0.05486781316080663
2,8,helped,0.02494570575236514
2,9,checked,0.019072582936970287
2,10,heart,0.01852261585124982
3,1,orbit,0.06271760359278714
3,2,mission,0.06271760359278714
3,3,space,0.06271760359278714
3,4,satellite,0.053770727188680555
3,5,planet,0.044823850784573974
3,6,spacecraft,0.044823850784573974
3,7,moon,0.02693009797636081
3,8,astronauts,0.02693009797636081
3,9,rocket,0.02693009797636081
3,10,earth,0.02693009797636081
