id,topic_0,topic_1,topic_2,topic_3
space_01,0.011194029850746263,0.0074626865671641755,0.0074626865671641755,0.9738805970149255
space_02,0.027777777777777755,0.013888888888888892,0.010416666666666668,0.9479166666666666
space_03,0.016129032258064512,0.012096774193548383,0.06451612903225806,0.907258064516129
space_04,0.014925373134328354,0.0074626865671641755,0.026119402985074626,0.9514925373134325
space_05,0.03358208955223883,0.04850746268656718,0.02238805970149254,0.8955223880597012
space_06,0.012987012987012988,0.019480519480519484,0.016233766233766236,0.9512987012987015
space_07,0.01041666666666667,0.006944444444444446,0.15625000000000003,0.826388888888889
space_08,0.017361111111111112,0.013888888888888886,0.010416666666666668,0.9583333333333333
sport_01,0.013888888888888886,0.954861111111111,0.017361111111111112,0.01388888888888889
sport_02,0.012096774193548383,0.9274193548387097,0.008064516129032254,0.052419354838709686
sport_03,0.01492537313432836,0.9104477611940298,0.0671641791044776,0.0074626865671641755
sport_04,0.016129032258064512,0.963709677419355,0.008064516129032254,0.012096774193548383
sport_05,0.008064516129032254,0.9717741935483873,0.008064516129032254,0.012096774193548383
sport_06,0.01388888888888889,0.9548611111111109,0.020833333333333322,0.01041666666666667
sport_07,0.013157894736842108,0.8903508771929823,0.08771929824561404,0.008771929824561403
sport_08,0.11111111111111112,0.8055555555555556,0.07291666666666666,0.010416666666666668
healthcare_01,0.05223880597014926,0.018656716417910453,0.917910447761194,0.011194029850746265
healthcare_02,0.020833333333333322,0.020833333333333322,0.9131944444444441,0.045138888888888874
healthcare_03,0.05597014925373134,0.011194029850746263,0.7350746268656713,0.19776119402985076
healthcare_04,0.0074626865671641755,0.011194029850746265,0.8843283582089552,0.0970149253731343
healthcare_05,0.059701492537313425,0.0074626865671641755,0.8507462686567162,0.08208955223880596
healthcare_06,0.016233766233766236,0.04545454545454544,0.909090909090909,0.02922077922077921
healthcare_07,0.0074626865671641755,0.011194029850746265,0.9738805970149255,0.0074626865671641755
healthcare_08,0.14610389610389612,0.025974025974025965,0.8149350649350652,0.012987012987012988
computing_01,0.9701492537313433,0.0074626865671641755,0.011194029850746265,0.011194029850746263
computing_02,0.9395161290322582,0.01209677419354838,0.036290322580645164,0.012096774193548383
computing_03,0.959677419354839,0.012096774193548382,0.012096774193548383,0.016129032258064512
computing_04,0.9216417910447762,0.014925373134328363,0.05597014925373134,0.0074626865671641755
computing_05,0.9477611940298509,0.029850746268656726,0.014925373134328363,0.0074626865671641755
computing_06,0.9664179104477613,0.0074626865671641755,0.014925373134328363,0.011194029850746265
computing_07,0.9314516129032258,0.008064516129032254,0.04435483870967742,0.016129032258064512
computing_08,0.8208955223880597,0.018656716417910453,0.10074626865671643,0.05970149253731342
