id,tokens
space_01,spacecraft entered orbit around planet mission collected images satellite sent space observations earth
space_02,astronauts aboard space station repaired satellite mission studied how orbit affects equipment human movement
space_03,rocket launched spacecraft toward moon mission engineers adjusted orbit monitored space journey
space_04,telescope observed distant planet moon space researchers used satellite images study orbit planet
space_05,engineers tested rocket engine next space mission spacecraft carry satellite orbit around earth
space_06,moon mission landed spacecraft near crater astronauts collected rock samples while satellite measured lunar surface
space_07,satellite tracked weather patterns orbit space mission used telescope observations compare earth another planet
space_08,spacecraft changed orbit inspect planet rocket booster supported mission while astronauts prepared space experiments
sport_01,cricket team won match captain scored runs players praised coach planning final tournament game
sport_02,coach trained players cricket tournament team practiced batting score runs next match
sport_03,cricket player hit boundary final match captain helped team defend runs win tournament
sport_04,team selected young players cricket match coach focused batting technique tournament preparation
sport_05,captain scored fifty runs cricket tournament team celebrated players completed difficult match
sport_06,rain delayed cricket match but players returned coach asked team protect wickets build runs
sport_07,cricket tournament attracted supporters stadium captain coach discussed team strategy match
sport_08,players improved batting through regular practice cricket team scored enough runs reach tournament final
healthcare_01,hospital doctor examined patient fever medical treatment medicine helped improve patient health diagnosis
healthcare_02,doctor discussed treatment hospital nurses patient received medicine while medical tests checked heart health
healthcare_03,medical researchers tested vaccine prevent disease hospital doctor explained treatment monitored patient health
healthcare_04,patient visited hospital health check doctor used medical tests choose medicine plan treatment
healthcare_05,hospital nurses tracked patient recovery surgery doctor adjusted treatment medicine support better health
healthcare_06,doctor recommended exercise heart health medical advice regular treatment helped patient avoid another hospital visit
healthcare_07,hospital opened medical clinic disease prevention each patient received health advice medicine doctor
healthcare_08,medical staff reviewed patient records hospital doctor compared treatment options checked whether medicine improved health
computing_01,software developer wrote code computer application program processed data stored results network server
computing_02,computer program analysed data network developer updated software code improve server performance
computing_03,developer tested application code release software errors affected data processing computer server
computing_04,network server stored application data securely developer revised software program checked computer access
computing_05,students learned write code computer program software application retrieved data through network server
computing_06,developer fixed software bug application code reduced data loss when computer contacted server
computing_07,network failure interrupted computer program developer restored server tested software data recovery
computing_08,software application used database organise data developer reviewed code improved network server communication
